{"cameraMode":{"drawMode":0,"name":"Shaded","section":"Shading Mode"},"sceneLighting":false,"audioPlay":false,"sceneViewState":{"m_AlwaysRefresh":false,"showFog":true,"showSkybox":false,"showFlares":true,"showImageEffects":true,"showParticleSystems":true,"showVisualEffectGraphs":true,"m_FxEnabled":true},"in2DMode":false,"pivot":{"x":0.14118582010269166,"y":-0.632887065410614,"z":1.4479310512542725},"rotation":{"x":0.31227076053619387,"y":0.007253905292600393,"z":-0.002128053456544876,"w":0.9499763250350952},"size":3.0227389335632326,"orthographic":false}